date,net_sales_actual,yhat,yhat_lower,yhat_upper,model,is_forecast
2024-01-10,1003.25,,,,prophet,False
2024-01-11,870.0,,,,prophet,False
2024-01-12,1448.37,,,,prophet,False
2024-01-13,1539.9,,,,prophet,False
2024-01-14,1536.7,,,,prophet,False
2024-01-15,0.0,,,,prophet,False
2024-01-16,0.0,,,,prophet,False
2024-01-17,1486.75,,,,prophet,False
2024-01-18,1267.33,,,,prophet,False
2024-01-19,1766.67,,,,prophet,False
2024-01-20,1440.65,,,,prophet,False
2024-01-21,1743.32,,,,prophet,False
2024-01-22,0.0,,,,prophet,False
2024-01-23,0.0,,,,prophet,False
2024-01-24,1404.04,,,,prophet,False
2024-01-25,1254.35,,,,prophet,False
2024-01-26,1695.48,,,,prophet,False
2024-01-27,1847.1,,,,prophet,False
2024-01-28,2115.6,,,,prophet,False
2024-01-29,0.0,,,,prophet,False
2024-01-30,0.0,,,,prophet,False
2024-01-31,1570.2,,,,prophet,False
2024-02-01,1530.43,,,,prophet,False
2024-02-02,2324.45,,,,prophet,False
2024-02-03,2363.44,,,,prophet,False
2024-02-04,2653.55,,,,prophet,False
2024-02-05,0.0,,,,prophet,False
2024-02-06,0.0,,,,prophet,False
2024-02-07,2013.85,,,,prophet,False
2024-02-08,2026.8,,,,prophet,False
2024-02-09,2160.1,,,,prophet,False
2024-02-10,2842.37,,,,prophet,False
2024-02-11,2312.7,,,,prophet,False
2024-02-12,0.0,,,,prophet,False
2024-02-13,0.0,,,,prophet,False
2024-02-14,2078.03,,,,prophet,False
2024-02-15,1296.5,,,,prophet,False
2024-02-16,1838.31,,,,prophet,False
2024-02-17,2570.75,,,,prophet,False
2024-02-18,2670.07,,,,prophet,False
2024-02-19,0.0,,,,prophet,False
2024-02-20,0.0,,,,prophet,False
2024-02-21,2228.95,,,,prophet,False
2024-02-22,1568.23,,,,prophet,False
2024-02-23,2469.8,,,,prophet,False
2024-02-24,2373.6,,,,prophet,False
2024-02-25,2553.38,,,,prophet,False
2024-02-26,0.0,,,,prophet,False
2024-02-27,0.0,,,,prophet,False
2024-02-28,1574.25,,,,prophet,False
2024-02-29,1939.5,,,,prophet,False
2024-03-01,2825.3,,,,prophet,False
2024-03-02,2078.3,,,,prophet,False
2024-03-03,2424.27,,,,prophet,False
2024-03-04,0.0,,,,prophet,False
2024-03-05,1802.95,,,,prophet,False
2024-03-06,1975.78,,,,prophet,False
2024-03-07,1780.1,,,,prophet,False
2024-03-08,2799.0,,,,prophet,False
2024-03-09,3779.17,,,,prophet,False
2024-03-10,2037.0,,,,prophet,False
2024-03-11,0.0,,,,prophet,False
2024-03-12,1846.15,,,,prophet,False
2024-03-13,2165.1,,,,prophet,False
2024-03-14,2079.65,,,,prophet,False
2024-03-15,2140.73,,,,prophet,False
2024-03-16,3259.8,,,,prophet,False
2024-03-17,2344.05,,,,prophet,False
2024-03-18,0.0,,,,prophet,False
2024-03-19,2527.34,,,,prophet,False
2024-03-20,1832.97,,,,prophet,False
2024-03-21,1997.79,,,,prophet,False
2024-03-22,2249.62,,,,prophet,False
2024-03-23,3010.97,,,,prophet,False
2024-03-24,2855.25,,,,prophet,False
2024-03-25,0.0,,,,prophet,False
2024-03-26,2022.85,,,,prophet,False
2024-03-27,1814.43,,,,prophet,False
2024-03-28,2176.5,,,,prophet,False
2024-03-29,2133.92,,,,prophet,False
2024-03-30,2712.27,,,,prophet,False
2024-03-31,1944.25,,,,prophet,False
2024-04-01,0.0,,,,prophet,False
2024-04-02,1499.15,,,,prophet,False
2024-04-03,2093.35,,,,prophet,False
2024-04-04,1667.33,,,,prophet,False
2024-04-05,2556.28,,,,prophet,False
2024-04-06,3957.49,,,,prophet,False
2024-04-07,2252.37,,,,prophet,False
2024-04-08,0.0,,,,prophet,False
2024-04-09,1355.83,,,,prophet,False
2024-04-10,1820.21,,,,prophet,False
2024-04-11,1913.39,,,,prophet,False
2024-04-12,2105.8,,,,prophet,False
2024-04-13,3119.73,,,,prophet,False
2024-04-14,2123.3,,,,prophet,False
2024-04-15,0.0,,,,prophet,False
2024-04-16,2062.65,,,,prophet,False
2024-04-17,1569.03,,,,prophet,False
2024-04-18,1328.3,,,,prophet,False
2024-04-19,2793.4,,,,prophet,False
2024-04-20,3794.75,,,,prophet,False
2024-04-21,2909.45,,,,prophet,False
2024-04-22,0.0,,,,prophet,False
2024-04-23,1702.1,,,,prophet,False
2024-04-24,1874.45,,,,prophet,False
2024-04-25,1627.42,,,,prophet,False
2024-04-26,2168.09,,,,prophet,False
2024-04-27,3679.62,,,,prophet,False
2024-04-28,3543.91,,,,prophet,False
2024-04-29,0.0,,,,prophet,False
2024-04-30,1880.72,,,,prophet,False
2024-05-01,1652.14,,,,prophet,False
2024-05-02,1735.13,,,,prophet,False
2024-05-03,2335.95,,,,prophet,False
2024-05-04,3980.8,,,,prophet,False
2024-05-05,2547.09,,,,prophet,False
2024-05-06,0.0,,,,prophet,False
2024-05-07,1899.98,,,,prophet,False
2024-05-08,1697.61,,,,prophet,False
2024-05-09,2016.89,,,,prophet,False
2024-05-10,2474.37,,,,prophet,False
2024-05-11,3893.67,,,,prophet,False
2024-05-12,2655.01,,,,prophet,False
2024-05-13,0.0,,,,prophet,False
2024-05-14,1876.45,,,,prophet,False
2024-05-15,1982.76,,,,prophet,False
2024-05-16,1550.15,,,,prophet,False
2024-05-17,2233.62,,,,prophet,False
2024-05-18,3959.49,,,,prophet,False
2024-05-19,2400.4,,,,prophet,False
2024-05-20,0.0,,,,prophet,False
2024-05-21,1310.98,,,,prophet,False
2024-05-22,2559.33,,,,prophet,False
2024-05-23,1556.19,,,,prophet,False
2024-05-24,2844.72,,,,prophet,False
2024-05-25,2629.82,,,,prophet,False
2024-05-26,2054.27,,,,prophet,False
2024-05-27,0.0,,,,prophet,False
2024-05-28,1671.95,,,,prophet,False
2024-05-29,1509.7,,,,prophet,False
2024-05-30,1667.62,,,,prophet,False
2024-05-31,2077.69,,,,prophet,False
2024-06-01,4176.14,,,,prophet,False
2024-06-02,2224.76,,,,prophet,False
2024-06-03,0.0,,,,prophet,False
2024-06-04,1800.76,,,,prophet,False
2024-06-05,2557.07,,,,prophet,False
2024-06-06,1888.01,,,,prophet,False
2024-06-07,2027.0,,,,prophet,False
2024-06-08,3990.93,,,,prophet,False
2024-06-09,2448.44,,,,prophet,False
2024-06-10,0.0,,,,prophet,False
2024-06-11,17.21,,,,prophet,False
2024-06-12,2207.09,,,,prophet,False
2024-06-13,1861.76,,,,prophet,False
2024-06-14,2283.48,,,,prophet,False
2024-06-15,3922.44,,,,prophet,False
2024-06-16,2850.67,,,,prophet,False
2024-06-17,0.0,,,,prophet,False
2024-06-18,1686.1,,,,prophet,False
2024-06-19,2400.09,,,,prophet,False
2024-06-20,1511.79,,,,prophet,False
2024-06-21,2884.53,,,,prophet,False
2024-06-22,3629.19,,,,prophet,False
2024-06-23,1908.0,,,,prophet,False
2024-06-24,0.0,,,,prophet,False
2024-06-25,1667.05,,,,prophet,False
2024-06-26,1893.61,,,,prophet,False
2024-06-27,1745.02,,,,prophet,False
2024-06-28,2555.82,,,,prophet,False
2024-06-29,3814.24,,,,prophet,False
2024-06-30,1942.04,,,,prophet,False
2024-07-01,0.0,,,,prophet,False
2024-07-02,2262.25,,,,prophet,False
2024-07-03,2850.54,,,,prophet,False
2024-07-04,1137.26,,,,prophet,False
2024-07-05,2393.45,,,,prophet,False
2024-07-06,3627.59,,,,prophet,False
2024-07-07,2373.17,,,,prophet,False
2024-07-08,0.0,,,,prophet,False
2024-07-09,2443.9,,,,prophet,False
2024-07-10,1676.14,,,,prophet,False
2024-07-11,1653.34,,,,prophet,False
2024-07-12,2830.58,,,,prophet,False
2024-07-13,3349.07,,,,prophet,False
2024-07-14,2136.96,,,,prophet,False
2024-07-15,0.0,,,,prophet,False
2024-07-16,2073.5,,,,prophet,False
2024-07-17,1265.98,,,,prophet,False
2024-07-18,1712.37,,,,prophet,False
2024-07-19,2651.72,,,,prophet,False
2024-07-20,4204.11,,,,prophet,False
2024-07-21,2141.13,,,,prophet,False
2024-07-22,0.0,,,,prophet,False
2024-07-23,0.0,,,,prophet,False
2024-07-24,2230.04,,,,prophet,False
2024-07-25,2447.52,,,,prophet,False
2024-07-26,1920.53,,,,prophet,False
2024-07-27,4004.7,,,,prophet,False
2024-07-28,2006.25,,,,prophet,False
2024-07-29,0.0,,,,prophet,False
2024-07-30,1876.97,,,,prophet,False
2024-07-31,2473.97,,,,prophet,False
2024-08-01,3095.0,,,,prophet,False
2024-08-02,2347.01,,,,prophet,False
2024-08-03,3688.34,,,,prophet,False
2024-08-04,2625.07,,,,prophet,False
2024-08-05,0.0,,,,prophet,False
2024-08-06,1823.12,,,,prophet,False
2024-08-07,1925.85,,,,prophet,False
2024-08-08,1362.35,,,,prophet,False
2024-08-09,2806.0,,,,prophet,False
2024-08-10,3969.3,,,,prophet,False
2024-08-11,2883.76,,,,prophet,False
2024-08-12,0.0,,,,prophet,False
2024-08-13,1899.09,,,,prophet,False
2024-08-14,2507.98,,,,prophet,False
2024-08-15,1746.46,,,,prophet,False
2024-08-16,2631.46,,,,prophet,False
2024-08-17,3390.0,,,,prophet,False
2024-08-18,1829.13,,,,prophet,False
2024-08-19,0.0,,,,prophet,False
2024-08-20,1863.77,,,,prophet,False
2024-08-21,2088.71,,,,prophet,False
2024-08-22,2074.5,,,,prophet,False
2024-08-23,2703.48,,,,prophet,False
2024-08-24,3597.84,,,,prophet,False
2024-08-25,1742.77,,,,prophet,False
2024-08-26,0.0,,,,prophet,False
2024-08-27,957.49,,,,prophet,False
2024-08-28,2182.49,,,,prophet,False
2024-08-29,1995.68,,,,prophet,False
2024-08-30,2233.74,,,,prophet,False
2024-08-31,3109.29,,,,prophet,False
2024-09-01,2057.58,,,,prophet,False
2024-09-02,0.0,,,,prophet,False
2024-09-03,1472.1,,,,prophet,False
2024-09-04,1545.76,,,,prophet,False
2024-09-05,2099.98,,,,prophet,False
2024-09-06,1948.35,,,,prophet,False
2024-09-07,3780.58,,,,prophet,False
2024-09-08,1825.09,,,,prophet,False
2024-09-09,0.0,,,,prophet,False
2024-09-10,1536.89,,,,prophet,False
2024-09-11,2049.51,,,,prophet,False
2024-09-12,1479.46,,,,prophet,False
2024-09-13,2620.3,,,,prophet,False
2024-09-14,3567.21,,,,prophet,False
2024-09-15,2275.8,,,,prophet,False
2024-09-16,0.0,,,,prophet,False
2024-09-17,1565.36,,,,prophet,False
2024-09-18,1774.81,,,,prophet,False
2024-09-19,1827.73,,,,prophet,False
2024-09-20,2522.75,,,,prophet,False
2024-09-21,2857.73,,,,prophet,False
2024-09-22,1789.41,,,,prophet,False
2024-09-23,0.0,,,,prophet,False
2024-09-24,1824.38,,,,prophet,False
2024-09-25,1947.43,,,,prophet,False
2024-09-26,1661.79,,,,prophet,False
2024-09-27,2298.65,,,,prophet,False
2024-09-28,3208.09,,,,prophet,False
2024-09-29,2430.31,,,,prophet,False
2024-09-30,0.0,,,,prophet,False
2024-10-01,1166.18,,,,prophet,False
2024-10-02,2202.93,,,,prophet,False
2024-10-03,2137.59,,,,prophet,False
2024-10-04,2136.02,,,,prophet,False
2024-10-05,3416.99,,,,prophet,False
2024-10-06,2654.27,,,,prophet,False
2024-10-07,0.0,,,,prophet,False
2024-10-08,1919.73,,,,prophet,False
2024-10-09,2128.88,,,,prophet,False
2024-10-10,1768.97,,,,prophet,False
2024-10-11,2536.71,,,,prophet,False
2024-10-12,3361.63,,,,prophet,False
2024-10-13,2235.87,,,,prophet,False
2024-10-14,0.0,,,,prophet,False
2024-10-15,1931.32,,,,prophet,False
2024-10-16,2031.86,,,,prophet,False
2024-10-17,1808.97,,,,prophet,False
2024-10-18,2354.73,,,,prophet,False
2024-10-19,4275.78,,,,prophet,False
2024-10-20,2110.27,,,,prophet,False
2024-10-21,0.0,,,,prophet,False
2024-10-22,2357.75,,,,prophet,False
2024-10-23,1910.01,,,,prophet,False
2024-10-24,1700.14,,,,prophet,False
2024-10-25,1851.75,,,,prophet,False
2024-10-26,3272.0,,,,prophet,False
2024-10-27,2002.21,,,,prophet,False
2024-10-28,0.0,,,,prophet,False
2024-10-29,1622.43,,,,prophet,False
2024-10-30,1907.65,,,,prophet,False
2024-10-31,1988.66,,,,prophet,False
2024-11-01,2433.67,,,,prophet,False
2024-11-02,3501.79,,,,prophet,False
2024-11-03,2470.99,,,,prophet,False
2024-11-04,0.0,,,,prophet,False
2024-11-05,1724.8,,,,prophet,False
2024-11-06,2045.9,,,,prophet,False
2024-11-07,1339.6,,,,prophet,False
2024-11-08,2546.25,,,,prophet,False
2024-11-09,4346.95,,,,prophet,False
2024-11-10,2373.39,,,,prophet,False
2024-11-11,0.0,,,,prophet,False
2024-11-12,1708.45,,,,prophet,False
2024-11-13,2023.69,,,,prophet,False
2024-11-14,1679.74,,,,prophet,False
2024-11-15,2216.73,,,,prophet,False
2024-11-16,4069.15,,,,prophet,False
2024-11-17,2162.93,,,,prophet,False
2024-11-18,0.0,,,,prophet,False
2024-11-19,2009.94,,,,prophet,False
2024-11-20,1531.26,,,,prophet,False
2024-11-21,1863.18,,,,prophet,False
2024-11-22,2501.58,,,,prophet,False
2024-11-23,3844.5,,,,prophet,False
2024-11-24,1900.88,,,,prophet,False
2024-11-25,0.0,,,,prophet,False
2024-11-26,1980.07,,,,prophet,False
2024-11-27,2382.6,,,,prophet,False
2024-11-28,2664.95,,,,prophet,False
2024-11-29,2032.3,,,,prophet,False
2024-11-30,1539.41,,,,prophet,False
2024-12-01,2094.59,,,,prophet,False
2024-12-02,0.0,,,,prophet,False
2024-12-03,1666.15,,,,prophet,False
2024-12-04,1753.07,,,,prophet,False
2024-12-05,2023.05,,,,prophet,False
2024-12-06,2196.41,,,,prophet,False
2024-12-07,3806.95,,,,prophet,False
2024-12-08,2119.41,,,,prophet,False
2024-12-09,0.0,,,,prophet,False
2024-12-10,2082.73,,,,prophet,False
2024-12-11,2188.36,,,,prophet,False
2024-12-12,1315.93,,,,prophet,False
2024-12-13,2920.37,,,,prophet,False
2024-12-14,3351.41,,,,prophet,False
2024-12-15,1950.61,,,,prophet,False
2024-12-16,0.0,,,,prophet,False
2024-12-17,1591.63,,,,prophet,False
2024-12-18,1983.63,,,,prophet,False
2024-12-19,2569.43,,,,prophet,False
2024-12-20,2223.53,,,,prophet,False
2024-12-21,3238.87,,,,prophet,False
2024-12-22,2101.65,,,,prophet,False
2024-12-23,0.0,,,,prophet,False
2024-12-24,3036.17,,,,prophet,False
2024-12-25,105.59,,,,prophet,False
2024-12-26,2074.62,,,,prophet,False
2024-12-27,2341.39,,,,prophet,False
2024-12-28,2379.12,,,,prophet,False
2024-12-29,2285.79,,,,prophet,False
2024-12-30,0.0,,,,prophet,False
2024-12-31,3136.99,,,,prophet,False
2025-01-01,2853.52,,,,prophet,False
2025-01-02,2033.35,,,,prophet,False
2025-01-03,2010.47,,,,prophet,False
2025-01-04,1491.49,,,,prophet,False
2025-01-05,0.0,,,,prophet,False
2025-01-06,0.0,,,,prophet,False
2025-01-07,1040.39,,,,prophet,False
2025-01-08,1427.04,,,,prophet,False
2025-01-09,1407.66,,,,prophet,False
2025-01-10,1808.93,,,,prophet,False
2025-01-11,3771.41,,,,prophet,False
2025-01-12,1712.79,,,,prophet,False
2025-01-13,0.0,,,,prophet,False
2025-01-14,1741.3,,,,prophet,False
2025-01-15,1605.15,,,,prophet,False
2025-01-16,1897.19,,,,prophet,False
2025-01-17,2396.91,,,,prophet,False
2025-01-18,2814.35,,,,prophet,False
2025-01-19,1974.45,,,,prophet,False
2025-01-20,0.0,,,,prophet,False
2025-01-21,1307.86,,,,prophet,False
2025-01-22,2310.07,,,,prophet,False
2025-01-23,1829.31,,,,prophet,False
2025-01-24,2432.82,,,,prophet,False
2025-01-25,3177.17,,,,prophet,False
2025-01-26,2128.86,,,,prophet,False
2025-01-27,0.0,,,,prophet,False
2025-01-28,1609.19,,,,prophet,False
2025-01-29,1885.32,,,,prophet,False
2025-01-30,1352.78,,,,prophet,False
2025-01-31,2771.61,,,,prophet,False
2025-02-01,3341.09,,,,prophet,False
2025-02-02,1564.6,,,,prophet,False
2025-02-03,0.0,,,,prophet,False
2025-02-04,1623.47,,,,prophet,False
2025-02-05,1263.03,,,,prophet,False
2025-02-06,1244.33,,,,prophet,False
2025-02-07,2549.6,,,,prophet,False
2025-02-08,3767.04,,,,prophet,False
2025-02-09,2131.11,,,,prophet,False
2025-02-10,0.0,,,,prophet,False
2025-02-11,1377.03,,,,prophet,False
2025-02-12,1058.7,,,,prophet,False
2025-02-13,878.73,,,,prophet,False
2025-02-14,3056.51,,,,prophet,False
2025-02-15,3934.3,,,,prophet,False
2025-02-16,4381.01,,,,prophet,False
2025-02-17,0.0,,,,prophet,False
2025-02-18,494.78,,,,prophet,False
2025-02-19,1470.79,,,,prophet,False
2025-02-20,1592.74,,,,prophet,False
2025-02-21,2369.8,,,,prophet,False
2025-02-22,3373.79,,,,prophet,False
2025-02-23,2425.06,,,,prophet,False
2025-02-24,0.0,,,,prophet,False
2025-02-25,1817.52,,,,prophet,False
2025-02-26,2433.32,,,,prophet,False
2025-02-27,1920.05,,,,prophet,False
2025-02-28,3023.66,,,,prophet,False
2025-03-01,4162.91,,,,prophet,False
2025-03-02,2579.8,,,,prophet,False
2025-03-03,0.0,,,,prophet,False
2025-03-04,1342.86,,,,prophet,False
2025-03-05,2065.22,,,,prophet,False
2025-03-06,2408.85,,,,prophet,False
2025-03-07,2602.44,,,,prophet,False
2025-03-08,5219.74,,,,prophet,False
2025-03-09,2209.8,,,,prophet,False
2025-03-10,0.0,,,,prophet,False
2025-03-11,2278.91,,,,prophet,False
2025-03-12,2236.16,,,,prophet,False
2025-03-13,1841.89,,,,prophet,False
2025-03-14,3091.9,,,,prophet,False
2025-03-15,4534.9,,,,prophet,False
2025-03-16,3299.74,,,,prophet,False
2025-03-17,0.0,,,,prophet,False
2025-03-18,2362.52,,,,prophet,False
2025-03-19,2849.11,,,,prophet,False
2025-03-20,2159.75,,,,prophet,False
2025-03-21,3292.03,,,,prophet,False
2025-03-22,3729.49,,,,prophet,False
2025-03-23,2124.18,,,,prophet,False
2025-03-24,0.0,,,,prophet,False
2025-03-25,1873.71,,,,prophet,False
2025-03-26,2430.7,,,,prophet,False
2025-03-27,2124.18,,,,prophet,False
2025-03-28,2597.93,,,,prophet,False
2025-03-29,3985.52,,,,prophet,False
2025-03-30,2498.86,,,,prophet,False
2025-03-31,0.0,,,,prophet,False
2025-04-01,1999.92,,,,prophet,False
2025-04-02,2969.57,,,,prophet,False
2025-04-03,1584.98,,,,prophet,False
2025-04-04,2488.03,,,,prophet,False
2025-04-05,5022.55,,,,prophet,False
2025-04-06,2317.89,,,,prophet,False
2025-04-07,0.0,,,,prophet,False
2025-04-08,2035.36,,,,prophet,False
2025-04-09,1927.91,,,,prophet,False
2025-04-10,1746.02,,,,prophet,False
2025-04-11,2503.83,,,,prophet,False
2025-04-12,3898.48,,,,prophet,False
2025-04-13,2308.9,,,,prophet,False
2025-04-14,0.0,,,,prophet,False
2025-04-15,1660.32,,,,prophet,False
2025-04-16,2129.56,,,,prophet,False
2025-04-17,2117.21,,,,prophet,False
2025-04-18,2977.34,,,,prophet,False
2025-04-19,3999.55,,,,prophet,False
2025-04-20,1488.74,,,,prophet,False
2025-04-21,0.0,,,,prophet,False
2025-04-22,1636.03,,,,prophet,False
2025-04-23,2413.52,,,,prophet,False
2025-04-24,1472.78,,,,prophet,False
2025-04-25,2736.62,,,,prophet,False
2025-04-26,4426.05,,,,prophet,False
2025-04-27,3865.38,,,,prophet,False
2025-04-28,0.0,,,,prophet,False
2025-04-29,1785.95,,,,prophet,False
2025-04-30,1478.16,,,,prophet,False
2025-05-01,2101.41,,,,prophet,False
2025-05-02,2755.77,,,,prophet,False
2025-05-03,4578.91,,,,prophet,False
2025-05-04,2195.83,,,,prophet,False
2025-05-05,0.0,,,,prophet,False
2025-05-06,2199.72,,,,prophet,False
2025-05-07,2548.05,,,,prophet,False
2025-05-08,1726.11,,,,prophet,False
2025-05-09,2810.71,,,,prophet,False
2025-05-10,3506.56,,,,prophet,False
2025-05-11,3421.47,,,,prophet,False
2025-05-12,0.0,,,,prophet,False
2025-05-13,2016.26,,,,prophet,False
2025-05-14,2103.06,,,,prophet,False
2025-05-15,1786.73,,,,prophet,False
2025-05-16,2979.82,,,,prophet,False
2025-05-17,3669.37,,,,prophet,False
2025-05-18,2523.87,,,,prophet,False
2025-05-19,0.0,,,,prophet,False
2025-05-20,2019.29,,,,prophet,False
2025-05-21,2206.63,,,,prophet,False
2025-05-22,2159.37,,,,prophet,False
2025-05-23,2808.17,,,,prophet,False
2025-05-24,4620.19,,,,prophet,False
2025-05-25,2521.06,,,,prophet,False
2025-05-26,0.0,,,,prophet,False
2025-05-27,2110.54,,,,prophet,False
2025-05-28,2288.46,,,,prophet,False
2025-05-29,2749.91,,,,prophet,False
2025-05-30,2527.17,,,,prophet,False
2025-05-31,3656.05,,,,prophet,False
2025-06-01,2669.06,,,,prophet,False
2025-06-02,0.0,,,,prophet,False
2025-06-03,1893.02,,,,prophet,False
2025-06-04,2250.67,,,,prophet,False
2025-06-05,2492.68,,,,prophet,False
2025-06-06,3632.5,,,,prophet,False
2025-06-07,4525.07,,,,prophet,False
2025-06-08,2845.47,,,,prophet,False
2025-06-09,0.0,,,,prophet,False
2025-06-10,2350.04,,,,prophet,False
2025-06-11,2574.02,,,,prophet,False
2025-06-12,2079.91,,,,prophet,False
2025-06-13,2575.41,,,,prophet,False
2025-06-14,3718.88,,,,prophet,False
2025-06-15,2818.78,,,,prophet,False
2025-06-16,0.0,,,,prophet,False
2025-06-17,2163.91,,,,prophet,False
2025-06-18,2479.12,,,,prophet,False
2025-06-19,2777.07,,,,prophet,False
2025-06-20,2647.34,,,,prophet,False
2025-06-21,5062.85,,,,prophet,False
2025-06-22,2216.61,,,,prophet,False
2025-06-23,0.0,,,,prophet,False
2025-06-24,1944.36,,,,prophet,False
2025-06-25,1882.39,,,,prophet,False
2025-06-26,1823.96,,,,prophet,False
2025-06-27,3112.02,,,,prophet,False
2025-06-28,4685.87,,,,prophet,False
2025-06-29,2733.01,,,,prophet,False
2025-06-30,0.0,,,,prophet,False
2025-07-01,2344.8,,,,prophet,False
2025-07-02,2805.87,,,,prophet,False
2025-07-03,3281.56,,,,prophet,False
2025-07-04,1334.77,,,,prophet,False
2025-07-05,4385.97,,,,prophet,False
2025-07-06,2223.21,,,,prophet,False
2025-07-07,0.0,,,,prophet,False
2025-07-08,2131.26,,,,prophet,False
2025-07-09,1916.13,,,,prophet,False
2025-07-10,2323.62,,,,prophet,False
2025-07-11,3257.69,,,,prophet,False
2025-07-12,4230.57,,,,prophet,False
2025-07-13,2329.78,,,,prophet,False
2025-07-14,0.0,,,,prophet,False
2025-07-15,2622.19,,,,prophet,False
2025-07-16,2173.39,,,,prophet,False
2025-07-17,2119.75,,,,prophet,False
2025-07-18,3049.25,,,,prophet,False
2025-07-19,4376.84,,,,prophet,False
2025-07-20,2206.48,,,,prophet,False
2025-07-21,0.0,,,,prophet,False
2025-07-22,2042.56,,,,prophet,False
2025-07-23,2149.8,,,,prophet,False
2025-07-24,2721.09,,,,prophet,False
2025-07-25,2375.6,,,,prophet,False
2025-07-26,4654.92,,,,prophet,False
2025-07-27,2441.08,,,,prophet,False
2025-07-28,0.0,,,,prophet,False
2025-07-29,2697.93,,,,prophet,False
2025-07-30,2140.41,,,,prophet,False
2025-07-31,2838.29,,,,prophet,False
2025-08-01,3380.24,,,,prophet,False
2025-08-02,4474.19,,,,prophet,False
2025-08-03,2139.38,,,,prophet,False
2025-08-04,0.0,,,,prophet,False
2025-08-05,2766.6,,,,prophet,False
2025-08-06,2254.24,,,,prophet,False
2025-08-07,2397.3,,,,prophet,False
2025-08-08,2939.07,,,,prophet,False
2025-08-09,4341.15,,,,prophet,False
2025-08-10,2049.15,,,,prophet,False
2025-08-11,0.0,,,,prophet,False
2025-08-12,2637.73,,,,prophet,False
2025-08-13,1846.76,,,,prophet,False
2025-08-14,2553.47,,,,prophet,False
2025-08-15,2857.09,,,,prophet,False
2025-08-16,3411.01,,,,prophet,False
2025-08-17,2442.01,,,,prophet,False
2025-08-18,0.0,,,,prophet,False
2025-08-19,2028.7,,,,prophet,False
2025-08-20,1872.02,,,,prophet,False
2025-08-21,2581.36,,,,prophet,False
2025-08-22,3198.07,,,,prophet,False
2025-08-23,3916.66,,,,prophet,False
2025-08-24,2867.89,,,,prophet,False
2025-08-25,0.0,,,,prophet,False
2025-08-26,2321.88,,,,prophet,False
2025-08-27,2193.97,,,,prophet,False
2025-08-28,2335.7,,,,prophet,False
2025-08-29,2551.98,,,,prophet,False
2025-08-30,4500.63,,,,prophet,False
2025-08-31,2617.46,,,,prophet,False
2025-09-01,0.0,,,,prophet,False
2025-09-02,1771.83,,,,prophet,False
2025-09-03,2324.05,,,,prophet,False
2025-09-04,2263.49,,,,prophet,False
2025-09-05,2952.59,,,,prophet,False
2025-09-06,4019.09,,,,prophet,False
2025-09-07,5180.57,,,,prophet,False
2025-09-08,0.0,,,,prophet,False
2025-09-09,2096.94,,,,prophet,False
2025-09-10,2032.61,,,,prophet,False
2025-09-11,2150.02,,,,prophet,False
2025-09-12,2978.53,,,,prophet,False
2025-09-13,3271.34,,,,prophet,False
2025-09-14,1936.14,,,,prophet,False
2025-09-15,0.0,,,,prophet,False
2025-09-16,2642.95,,,,prophet,False
2025-09-17,2502.25,,,,prophet,False
2025-09-18,2079.6,,,,prophet,False
2025-09-19,3141.36,,,,prophet,False
2025-09-20,3612.48,,,,prophet,False
2025-09-21,2910.19,,,,prophet,False
2025-09-22,0.0,,,,prophet,False
2025-09-23,2445.72,,,,prophet,False
2025-09-24,1931.97,,,,prophet,False
2025-09-25,1711.13,,,,prophet,False
2025-09-26,2957.5,,,,prophet,False
2025-09-27,3997.0,,,,prophet,False
2025-09-28,2558.97,,,,prophet,False
2025-09-29,0.0,,,,prophet,False
2025-09-30,2387.74,,,,prophet,False
2025-10-01,2160.63,,,,prophet,False
2025-10-02,2707.34,,,,prophet,False
2025-10-03,4034.83,,,,prophet,False
2025-10-04,6533.03,,,,prophet,False
2025-10-05,3478.49,,,,prophet,False
2025-10-06,0.0,,,,prophet,False
2025-10-07,2256.81,,,,prophet,False
2025-10-08,1997.25,,,,prophet,False
2025-10-09,1721.67,,,,prophet,False
2025-10-10,2831.35,,,,prophet,False
2025-10-11,4176.83,,,,prophet,False
2025-10-12,2913.95,,,,prophet,False
2025-10-13,0.0,,,,prophet,False
2025-10-14,2043.79,,,,prophet,False
2025-10-15,2580.52,,,,prophet,False
2025-10-16,2243.68,,,,prophet,False
2025-10-17,3056.72,,,,prophet,False
2025-10-18,4007.56,,,,prophet,False
2025-10-19,2758.63,,,,prophet,False
2025-10-20,0.0,,,,prophet,False
2025-10-21,1957.41,,,,prophet,False
2025-10-22,2113.54,,,,prophet,False
2025-10-23,2006.96,,,,prophet,False
2025-10-24,2539.24,,,,prophet,False
2025-10-25,4506.3,,,,prophet,False
2025-10-26,2024.86,,,,prophet,False
2025-10-27,0.0,,,,prophet,False
2025-10-28,2122.52,,,,prophet,False
2025-10-29,2285.05,,,,prophet,False
2025-10-30,1797.15,,,,prophet,False
2025-10-31,2436.32,,,,prophet,False
2025-11-01,3687.9,,,,prophet,False
2025-11-02,2182.18,,,,prophet,False
2025-11-03,0.0,,,,prophet,False
2025-11-04,1869.11,,,,prophet,False
2025-11-05,2347.91,,,,prophet,False
2025-11-06,2210.54,,,,prophet,False
2025-11-07,2497.05,,,,prophet,False
2025-11-08,4027.14,,,,prophet,False
2025-11-09,2708.97,,,,prophet,False
2025-11-10,0.0,,,,prophet,False
2025-11-11,2471.36,,,,prophet,False
2025-11-12,2155.73,,,,prophet,False
2025-11-13,2452.0,,,,prophet,False
2025-11-14,2812.97,,,,prophet,False
2025-11-15,4310.58,,,,prophet,False
2025-11-16,2927.51,,,,prophet,False
2025-11-17,0.0,,,,prophet,False
2025-11-18,1810.81,,,,prophet,False
2025-11-19,1905.68,,,,prophet,False
2025-11-20,2387.93,,,,prophet,False
2025-11-21,2999.25,,,,prophet,False
2025-11-22,4475.19,,,,prophet,False
2025-11-23,2866.03,,,,prophet,False
2025-11-24,0.0,,,,prophet,False
2025-11-25,2393.74,,,,prophet,False
2025-11-26,3795.5,,,,prophet,False
2025-11-27,2801.46,,,,prophet,False
2025-11-28,2243.18,,,,prophet,False
2025-11-29,3997.09,,,,prophet,False
2025-11-30,2239.58,,,,prophet,False
2025-12-01,60.0,,,,prophet,False
2025-12-02,1799.91,,,,prophet,False
2025-12-03,1548.47,,,,prophet,False
2025-12-04,1911.04,,,,prophet,False
2025-12-05,2259.85,,,,prophet,False
2025-12-06,4286.78,,,,prophet,False
2025-12-07,2632.9,,,,prophet,False
2025-12-08,0.0,,,,prophet,False
2025-12-09,1645.93,,,,prophet,False
2025-12-10,2538.56,,,,prophet,False
2025-12-11,1846.12,,,,prophet,False
2025-12-12,2072.88,,,,prophet,False
2025-12-13,3933.05,,,,prophet,False
2025-12-14,2189.58,,,,prophet,False
2025-12-15,0.0,,,,prophet,False
2025-12-16,2238.68,,,,prophet,False
2025-12-17,2864.75,,,,prophet,False
2025-12-18,2568.02,,,,prophet,False
2025-12-19,2604.48,,,,prophet,False
2025-12-20,4009.79,,,,prophet,False
2025-12-21,3059.86,,,,prophet,False
2025-12-22,0.0,,,,prophet,False
2025-12-23,3133.75,,,,prophet,False
2025-12-24,2913.52,,,,prophet,False
2025-12-25,0.0,,,,prophet,False
2025-12-26,3283.32,,,,prophet,False
2025-12-27,3306.94,,,,prophet,False
2025-12-28,2625.84,,,,prophet,False
2025-12-29,0.0,,,,prophet,False
2025-12-30,2708.28,,,,prophet,False
2025-12-31,2813.9,,,,prophet,False
2026-01-01,3570.36,,,,prophet,False
2026-01-02,3042.14,,,,prophet,False
2026-01-03,5116.63,,,,prophet,False
2026-01-04,1957.94,,,,prophet,False
2026-01-05,0.0,,,,prophet,False
2026-01-06,1627.26,,,,prophet,False
2026-01-07,2252.55,,,,prophet,False
2026-01-08,2097.18,,,,prophet,False
2026-01-09,2759.01,,,,prophet,False
2026-01-10,3444.77,,,,prophet,False
2026-01-11,3037.39,,,,prophet,False
2026-01-12,0.0,,,,prophet,False
2026-01-13,1622.26,,,,prophet,False
2026-01-14,1848.32,,,,prophet,False
2026-01-15,1678.88,,,,prophet,False
2026-01-16,2830.55,,,,prophet,False
2026-01-17,4291.3,,,,prophet,False
2026-01-18,2729.86,,,,prophet,False
2026-01-19,0.0,,,,prophet,False
2026-01-20,1544.65,,,,prophet,False
2026-01-21,2370.55,,,,prophet,False
2026-01-22,1507.61,,,,prophet,False
2026-01-23,1939.48,,,,prophet,False
2026-01-24,726.63,,,,prophet,False
2026-01-25,1224.64,,,,prophet,False
2026-01-26,0.0,,,,prophet,False
2026-01-27,1573.5,,,,prophet,False
2026-01-28,2161.28,,,,prophet,False
2026-01-29,1951.61,,,,prophet,False
2026-01-30,2521.82,,,,prophet,False
2026-01-31,4293.06,,,,prophet,False
2026-02-01,2081.72,,,,prophet,False
2026-02-02,0.0,,,,prophet,False
2026-02-03,1633.41,,,,prophet,False
2026-02-04,1776.76,,,,prophet,False
2026-02-05,1534.95,,,,prophet,False
2026-02-06,3616.93,,,,prophet,False
2026-02-07,4445.29,,,,prophet,False
2026-02-08,3254.84,,,,prophet,False
2026-02-09,0.0,,,,prophet,False
2026-02-10,1928.05,,,,prophet,False
2026-02-11,1761.87,,,,prophet,False
2026-02-12,2225.97,,,,prophet,False
2026-02-13,3374.21,,,,prophet,False
2026-02-14,4610.44,,,,prophet,False
2026-02-15,5873.24,,,,prophet,False
2026-02-16,0.0,,,,prophet,False
2026-02-17,1752.52,,,,prophet,False
2026-02-18,2447.92,,,,prophet,False
2026-02-19,2236.15,,,,prophet,False
2026-02-20,3081.73,,,,prophet,False
2026-02-21,4467.35,,,,prophet,False
2026-02-22,3057.76,,,,prophet,False
2026-02-23,0.0,,,,prophet,False
2026-02-24,2217.97,,,,prophet,False
2026-02-25,2483.9,,,,prophet,False
2026-02-26,2939.96,,,,prophet,False
2026-02-27,3280.05,,,,prophet,False
2026-02-28,4671.45,,,,prophet,False
2026-03-01,2719.87,,,,prophet,False
2026-03-02,0.0,,,,prophet,False
2026-03-03,2080.57,,,,prophet,False
2026-03-04,2234.98,,,,prophet,False
2026-03-05,2481.53,,,,prophet,False
2026-03-06,3327.85,,,,prophet,False
2026-03-07,5198.12,,,,prophet,False
2026-03-08,2783.74,,,,prophet,False
2026-03-09,0.0,,,,prophet,False
2026-03-10,2243.57,,,,prophet,False
2026-03-11,2456.89,,,,prophet,False
2026-03-12,2461.84,,,,prophet,False
2026-03-13,4020.12,,,,prophet,False
2026-03-14,5041.04,,,,prophet,False
2026-03-15,2718.19,,,,prophet,False
2026-03-16,0.0,,,,prophet,False
2026-03-17,2762.69,,,,prophet,False
2026-03-18,3149.54,,,,prophet,False
2026-03-19,2829.62,,,,prophet,False
2026-03-20,4560.34,,,,prophet,False
2026-03-21,4536.51,,,,prophet,False
2026-03-22,2394.36,,,,prophet,False
2026-03-23,16.25,,,,prophet,False
2026-03-24,2594.16,,,,prophet,False
2026-03-25,2293.92,,,,prophet,False
2026-03-26,2499.74,,,,prophet,False
2026-03-27,3596.72,,,,prophet,False
2026-03-28,5302.68,,,,prophet,False
2026-03-29,2979.3,,,,prophet,False
2026-03-30,0.0,,,,prophet,False
2026-03-31,2616.1,,,,prophet,False
2026-04-01,2232.21,,,,prophet,False
2026-04-02,2334.02,,,,prophet,False
2026-04-03,4218.13,,,,prophet,False
2026-04-04,5105.63,,,,prophet,False
2026-04-05,2157.43,,,,prophet,False
2026-04-06,0.0,,,,prophet,False
2026-04-07,2530.37,,,,prophet,False
2026-04-08,3016.85,,,,prophet,False
2026-04-09,2305.02,,,,prophet,False
2026-04-10,3075.06,,,,prophet,False
2026-04-11,4878.11,,,,prophet,False
2026-04-12,2855.29,,,,prophet,False
2026-04-13,0.0,,,,prophet,False
2026-04-14,2077.02,,,,prophet,False
2026-04-15,2507.76,,,,prophet,False
2026-04-16,1836.56,,,,prophet,False
2026-04-17,2343.13,,,,prophet,False
2026-04-18,4591.13,,,,prophet,False
2026-04-19,1995.66,,,,prophet,False
2026-04-20,0.0,,,,prophet,False
2026-04-21,2012.07,,,,prophet,False
2026-04-22,2314.48,,,,prophet,False
2026-04-23,2207.06,,,,prophet,False
2026-04-24,3297.88,,,,prophet,False
2026-04-25,4849.39,,,,prophet,False
2026-04-26,4135.23,,,,prophet,False
2026-04-27,0.0,,,,prophet,False
2026-04-28,2476.71,,,,prophet,False
2026-04-29,2130.96,,,,prophet,False
2026-04-30,1988.36,,,,prophet,False
2026-05-01,3879.26,,,,prophet,False
2026-05-02,4692.2,,,,prophet,False
2026-05-03,2615.46,,,,prophet,False
2026-05-04,0.0,,,,prophet,False
2026-05-05,2514.23,,,,prophet,False
2026-05-06,3369.45,,,,prophet,False
2026-05-07,2251.46,,,,prophet,False
2026-05-08,2926.97,,,,prophet,False
2026-05-09,4636.26,,,,prophet,False
2026-05-10,3427.5,,,,prophet,False
2026-05-11,0.0,,,,prophet,False
2026-05-12,2613.46,,,,prophet,False
2026-05-13,2707.53,,,,prophet,False
2026-05-14,2953.48,,,,prophet,False
2026-05-15,3187.72,,,,prophet,False
2026-05-16,4353.4,,,,prophet,False
2026-05-17,3599.68,,,,prophet,False
2026-05-18,0.0,,,,prophet,False
2026-05-19,2412.4,,,,prophet,False
2026-05-20,2817.87,,,,prophet,False
2026-05-21,2483.06,,,,prophet,False
2026-05-22,2952.88,,,,prophet,False
2026-05-23,3660.54,,,,prophet,False
2026-05-24,2945.6,,,,prophet,False
2026-05-25,0.0,,,,prophet,False
2026-05-26,2328.51,,,,prophet,False
2026-05-27,2427.58,,,,prophet,False
2026-05-28,1949.44,,,,prophet,False
2026-05-29,3143.91,,,,prophet,False
2026-05-30,4494.38,,,,prophet,False
2026-05-31,2669.22,,,,prophet,False
2026-06-01,0.0,,,,prophet,False
2026-06-02,2186.18,,,,prophet,False
2026-06-03,2560.07,,,,prophet,False
2026-06-04,2208.91,,,,prophet,False
2026-06-05,3781.06,,,,prophet,False
2026-06-06,5243.1,,,,prophet,False
2026-06-07,2061.29,,,,prophet,False
2026-06-08,0.0,,,,prophet,False
2026-06-09,2193.39,,,,prophet,False
2026-06-10,2936.15,,,,prophet,False
2026-06-11,1937.41,,,,prophet,False
2026-06-12,2656.07,,,,prophet,False
2026-06-13,4768.55,,,,prophet,False
2026-06-14,2280.76,,,,prophet,False
2026-06-15,0.0,,,,prophet,False
2026-06-16,3190.29,,,,prophet,False
2026-06-17,2509.86,,,,prophet,False
2026-06-18,3071.99,,,,prophet,False
2026-06-19,2885.56,,,,prophet,False
2026-06-20,4754.3,,,,prophet,False
2026-06-21,3247.95,,,,prophet,False
2026-06-22,0.0,,,,prophet,False
2026-06-23,2877.06,,,,prophet,False
2026-06-24,2134.11,,,,prophet,False
2026-06-25,2819.68,,,,prophet,False
2026-06-26,2634.59,,,,prophet,False
2026-06-27,4707.7,,,,prophet,False
2026-06-28,2282.56,,,,prophet,False
2026-06-29,,129.4890064380079,0.0,724.373679769435,prophet,True
2026-06-30,,2404.6182453283413,1715.6991039413092,2949.365583425866,prophet,True
2026-07-01,,2699.9316118855613,2105.7420636992224,3287.7248681164906,prophet,True
2026-07-02,,2533.1743217114717,1977.1167755334202,3117.994313014918,prophet,True
2026-07-03,,3338.918449695271,2782.2421843686907,3999.3127387411228,prophet,True
2026-07-04,,3396.9029201742514,2787.271044782424,3939.8323765165887,prophet,True
2026-07-05,,3067.6452912801196,2494.9605548287973,3643.811410312102,prophet,True
2026-07-06,,86.50449225650439,0.0,693.7244244023282,prophet,True
2026-07-07,,2369.4552830589037,1787.130315588476,2954.096121989829,prophet,True
2026-07-08,,2669.247157776763,2096.931147297172,3277.693807459043,prophet,True
2026-07-09,,2507.1054439059985,1911.7015652265236,3096.08367798779,prophet,True
2026-07-10,,3320.848148601873,2741.9570894846634,3973.6681413667707,prophet,True
2026-07-11,,4732.034907270782,4137.072423826605,5342.421381261406,prophet,True
2026-07-12,,3063.6717509490272,2478.3577539473317,3664.7569574505765,prophet,True
